model,accuracy,precision,recall,f1,auc,mse
logistic_regression,0.85,1.0,0.16,0.27586206896551724,0.5169082125603864,0.13097391893465113
random_forest,0.9976190476190476,1.0,0.9866666666666667,0.9932885906040269,0.9889661835748793,0.007755238095238095
gradient_boosting,0.9952380952380953,0.9866666666666667,0.9866666666666667,0.9866666666666667,0.9880000000000001,0.0035055875813517043
